,N225,DJI,SOX,NK_FUT_CME,TEL,ADVANTEST,LASERTEC,SCREEN,DISCO,RENESAS,NVDA,AMD,AVGO,TSM,MU,USDJPY
N225,1.0,0.3846184407527684,0.4722050429074747,0.4124017039788759,0.7384961490956197,0.6857971684304662,0.5790226181566032,0.644280871212612,0.6506105117386786,0.6535540645225387,0.3605350379142977,0.3754658219880293,0.3747436300349234,0.36536890297831487,0.39168221983847684,0.019895406233899026
DJI,0.3846184407527684,1.0,0.6654792431198978,0.650824193495142,0.23361576616348478,0.20278450663301967,0.14546636864802767,0.2137908544753414,0.19170464630952103,0.2949496458865241,0.5381824048887334,0.4689967168966263,0.5516343888632416,0.5063905634607776,0.4988561774732472,-0.03262870712916089
SOX,0.4722050429074747,0.6654792431198978,1.0,0.6832897898478184,0.4989503909717012,0.44761118306797104,0.3526639091601345,0.4205987478270841,0.427441644954458,0.47405678715394733,0.8003774877503551,0.7789290186029001,0.8009371282737773,0.7989406504210191,0.7992165187218175,-0.02232811637993979
NK_FUT_CME,0.4124017039788759,0.650824193495142,0.6832897898478184,1.0,0.3088736482743722,0.28650403096992494,0.21514274913890552,0.26668930188266166,0.2702290901954639,0.3341790248473136,0.5331519944515554,0.5144486310834036,0.54444085396411,0.5708835912876946,0.5795192900835032,0.048409136305629666
TEL,0.7384961490956197,0.23361576616348478,0.4989503909717012,0.3088736482743722,1.0,0.6947750633119893,0.654399107198303,0.7517668860957434,0.727771792485778,0.6228425118482669,0.3760668930931587,0.4068484467456406,0.38131466735417346,0.4167917775186737,0.42741074027000175,0.007284001133326506
ADVANTEST,0.6857971684304662,0.20278450663301967,0.44761118306797104,0.28650403096992494,0.6947750633119893,1.0,0.5778209877934204,0.6499560701221431,0.7021376357542946,0.5390789475788955,0.37514090287032026,0.3663615681721813,0.36531242424979715,0.38587034161891604,0.36997929570317356,0.011010585095629721
LASERTEC,0.5790226181566032,0.14546636864802767,0.3526639091601345,0.21514274913890552,0.654399107198303,0.5778209877934204,1.0,0.5703729287175335,0.5992685148017213,0.47662315997159754,0.27182173930521,0.2837375065716853,0.24714969740785983,0.286066267189249,0.29114540967693237,0.016842268276902918
SCREEN,0.644280871212612,0.2137908544753414,0.4205987478270841,0.26668930188266166,0.7517668860957434,0.6499560701221431,0.5703729287175335,1.0,0.6771907615677866,0.5924776705213673,0.31430323968179563,0.32947684948466277,0.32043477965479217,0.3507368199456613,0.36988121195790985,0.009753705288692212
DISCO,0.6506105117386786,0.19170464630952103,0.427441644954458,0.2702290901954639,0.727771792485778,0.7021376357542946,0.5992685148017213,0.6771907615677866,1.0,0.5806261483154319,0.33344640892966504,0.35820651194813297,0.3209177469734148,0.3610791047027774,0.3757340116604624,0.034592337777206696
RENESAS,0.6535540645225387,0.2949496458865241,0.47405678715394733,0.3341790248473136,0.6228425118482669,0.5390789475788955,0.47662315997159754,0.5924776705213673,0.5806261483154319,1.0,0.335419751952784,0.3582273621707795,0.36655652534827987,0.3695960215341688,0.38592900886255105,0.011466372715728593
NVDA,0.3605350379142977,0.5381824048887334,0.8003774877503551,0.5331519944515554,0.3760668930931587,0.37514090287032026,0.27182173930521,0.31430323968179563,0.33344640892966504,0.335419751952784,1.0,0.6768863140949207,0.6523392638152936,0.6727444813544622,0.5743703561630179,-0.025425967453989506
AMD,0.3754658219880293,0.4689967168966263,0.7789290186029001,0.5144486310834036,0.4068484467456406,0.3663615681721813,0.2837375065716853,0.32947684948466277,0.35820651194813297,0.3582273621707795,0.6768863140949207,1.0,0.5533955872725963,0.6116573603742838,0.5867904207257915,-0.02277365254128975
AVGO,0.3747436300349234,0.5516343888632416,0.8009371282737773,0.54444085396411,0.38131466735417346,0.36531242424979715,0.24714969740785983,0.32043477965479217,0.3209177469734148,0.36655652534827987,0.6523392638152936,0.5533955872725963,1.0,0.6598893682009943,0.6079193959885265,0.007996605517686385
TSM,0.36536890297831487,0.5063905634607776,0.7989406504210191,0.5708835912876946,0.4167917775186737,0.38587034161891604,0.286066267189249,0.3507368199456613,0.3610791047027774,0.3695960215341688,0.6727444813544622,0.6116573603742838,0.6598893682009943,1.0,0.6276462247128418,-0.04730678616551836
MU,0.39168221983847684,0.4988561774732472,0.7992165187218175,0.5795192900835032,0.42741074027000175,0.36997929570317356,0.29114540967693237,0.36988121195790985,0.3757340116604624,0.38592900886255105,0.5743703561630179,0.5867904207257915,0.6079193959885265,0.6276462247128418,1.0,-0.0231465884526919
USDJPY,0.019895406233899026,-0.03262870712916089,-0.02232811637993979,0.048409136305629666,0.007284001133326506,0.011010585095629721,0.016842268276902918,0.009753705288692212,0.034592337777206696,0.011466372715728593,-0.025425967453989506,-0.02277365254128975,0.007996605517686385,-0.04730678616551836,-0.0231465884526919,1.0
