key,lag-2,lag-1,lag+0,lag+1,lag+2
DJI,0.09046994085943257,0.1779110919286732,0.3846184407527681,-0.0005816614371473276,-0.021520867401592647
SOX,0.030726438913314183,0.16122118535316493,0.47220504290747356,-0.01401521161888482,-0.01946597030670916
NK_FUT_CME,0.03279950815970174,0.46445700892272646,0.41240170397887527,0.012166541437252513,-0.014598611095446641
NVDA,0.017566326186560496,0.12698908111288398,0.3605350379142971,-0.008510324157301066,-0.007198650402305323
AMD,0.030948564417475552,0.11033442055117675,0.3754658219880296,-0.011271449339155522,-0.03224755767813143
AVGO,0.04743139199023913,0.10851938172765055,0.3747436300349232,0.02195713855877771,-0.026615192095930253
TSM,0.003665498137118779,0.1641949738798972,0.3653689029783143,-0.026665482486842026,-0.014436536951193698
MU,0.017767007183931954,0.17610038058214636,0.391682219838476,-0.019012127146980463,-0.0011426325580338867
USDJPY,0.0104417667082596,0.17141003423459047,0.019895406233899102,0.04991243482341783,0.015090848141088098
TEL,0.013287438599098261,-0.025221929193798388,0.7384961490956189,-0.013159859416753608,-0.0020074256377433353
ADVANTEST,0.000977752943005196,-0.03783257052137507,0.6857971684304651,-0.027825044036665292,-0.02056424500960444
LASERTEC,0.03852970994741762,-0.01838715659408695,0.5790226181566027,-0.030662228581351023,0.020448151096864965
SCREEN,0.015112264546053416,-0.005893137781346576,0.6442808712126123,-0.0020623448825257146,-0.005583355907600825
DISCO,-0.0108543947309408,-0.006483357276925172,0.650610511738677,-0.062152224958193274,0.01455772486428919
RENESAS,0.005961084967657593,0.005094745664981361,0.6535540645225377,-0.001847332045045631,0.011542132190495871
