key,name,corr,n,p_value
TEL,東京エレクトロン,0.7384961490956189,1891,0.0
ADVANTEST,アドバンテスト,0.6857971684304651,1891,0.0
RENESAS,ルネサスエレクトロニクス,0.6535540645225377,1891,3.0651074474587856e-308
DISCO,ディスコ,0.650610511738677,1891,1.8036843074167238e-303
SCREEN,SCREENホールディングス,0.6442808712126123,1891,1.6997325413421502e-293
LASERTEC,レーザーテック,0.5790226181566027,1891,3.3606194802038207e-209
SOX,フィラデルフィア半導体株指数(SOX),0.47220504290747356,1891,6.667226360286566e-120
NK_FUT_CME,日経225先物(CME・円建て),0.41240170397887527,1891,3.52448878408794e-86
MU,マイクロン,0.391682219838476,1891,1.9960360927409502e-76
DJI,NYダウ平均,0.3846184407527681,1891,2.6770069914804658e-73
AMD,AMD,0.3754658219880296,1891,2.179898389922123e-69
AVGO,ブロードコム,0.3747436300349232,1891,4.36899660261719e-69
TSM,TSMC(ADR),0.3653689029783143,1891,2.9797058618898452e-65
NVDA,エヌビディア,0.3605350379142971,1891,2.454914300914459e-63
USDJPY,ドル円,0.019895406233899102,1891,0.3871058522562304
