X(prev US),target,corr,方向一致率,n,p_value
DJI,N225_GAP,0.5735824949161802,0.7103675260559518,1891,1.9903671759357968e-203
DJI,N225_INTRADAY,0.1090958616486295,0.5024684585847504,1891,1.8416720443309854e-06
SOX,N225_GAP,0.6102814128614095,0.7351973684210527,1891,8.625202214542014e-246
SOX,N225_INTRADAY,0.20540508860964182,0.5131578947368421,1891,7.378328368380272e-20
NK_FUT_CME,N225_GAP,0.5242972985886551,0.6898839137645107,1891,9.370438941862003e-158
NK_FUT_CME,N225_INTRADAY,0.18600650880388406,0.5140961857379768,1891,1.9049049265715847e-16
NVDA,N225_GAP,0.49386005878650113,0.6734357848518112,1891,1.5575340446635375e-134
NVDA,N225_INTRADAY,0.13559839632086088,0.5257958287596048,1891,2.7077170059604167e-09
AMD,N225_GAP,0.4702745105041661,0.6703296703296703,1891,1.146773577145811e-118
AMD,N225_INTRADAY,0.17472333554623753,0.5230769230769231,1891,1.2330571422991852e-14
AVGO,N225_GAP,0.49512005591732483,0.6902412280701754,1891,1.9742824746704263e-135
AVGO,N225_INTRADAY,0.15479334947982396,0.5208333333333334,1891,9.773100925038414e-12
TSM,N225_GAP,0.4655141049433447,0.6706981858163826,1891,1.1491034975917064e-115
TSM,N225_INTRADAY,0.16402400304054124,0.514018691588785,1891,4.945391441215189e-13
MU,N225_GAP,0.4759351884912096,0.6765513454146074,1891,2.5454648174922575e-122
MU,N225_INTRADAY,0.1934176041800229,0.5167490389895661,1891,1.0508283040750271e-17
USDJPY,N225_GAP,0.04879320478598096,0.5159235668789809,1891,0.03373627171221629
USDJPY,N225_INTRADAY,-0.00890801306843542,0.49097664543524416,1891,0.6986222024840665
CME_OVERNIGHT,N225_GAP,0.7513513741310686,0.8043478260869565,1886,0.0
CME_OVERNIGHT,N225_INTRADAY,0.3538073792159782,0.5461293743372216,1886,1.397483237376939e-60
